Node,Owner,Chassis,Serial,Warranty,CPU,Mem,#CPUs
hpc3-14-00,MRI,ProLiant XL170r Gen10,2M294204LF,2025-12-18,Intel(R) Xeon(R) Gold 6148 CPU @ 2.40GHz,192,40
hpc3-14-01,MRI,ProLiant XL170r Gen10,2M294204L8,2025-12-18,Intel(R) Xeon(R) Gold 6148 CPU @ 2.40GHz,192,40
hpc3-14-02,MRI,ProLiant XL170r Gen10,2M294204LG,2025-12-18,Intel(R) Xeon(R) Gold 6148 CPU @ 2.40GHz,192,40
hpc3-14-03,MRI,ProLiant XL170r Gen10,2M294204L9,2025-12-18,Intel(R) Xeon(R) Gold 6148 CPU @ 2.40GHz,192,40
hpc3-14-04,MRI,ProLiant XL170r Gen10,2M294204LD,2025-12-18,Intel(R) Xeon(R) Gold 6148 CPU @ 2.40GHz,192,40
hpc3-14-05,MRI,ProLiant XL170r Gen10,2M294204KX,2025-12-18,Intel(R) Xeon(R) Gold 6148 CPU @ 2.40GHz,192,40
hpc3-14-06,MRI,ProLiant XL170r Gen10,2M294204KL,2025-12-18,Intel(R) Xeon(R) Gold 6148 CPU @ 2.40GHz,192,40
hpc3-14-07,MRI,ProLiant XL170r Gen10,2M294204LP,2025-12-18,Intel(R) Xeon(R) Gold 6148 CPU @ 2.40GHz,192,40
hpc3-14-08,MRI,ProLiant XL170r Gen10,2M294204KH,2025-12-18,Intel(R) Xeon(R) Gold 6148 CPU @ 2.40GHz,192,40
hpc3-14-09,MRI,ProLiant XL170r Gen10,2M294204KF,2025-12-18,Intel(R) Xeon(R) Gold 6148 CPU @ 2.40GHz,192,40
hpc3-14-10,MRI,ProLiant XL170r Gen10,2M294204KJ,2025-12-18,Intel(R) Xeon(R) Gold 6148 CPU @ 2.40GHz,192,40
hpc3-14-11,MRI,ProLiant XL170r Gen10,2M294204KG,2025-12-18,Intel(R) Xeon(R) Gold 6148 CPU @ 2.40GHz,192,40
hpc3-14-12,MRI,ProLiant XL170r Gen10,2M294204KV,2025-12-18,Intel(R) Xeon(R) Gold 6148 CPU @ 2.40GHz,192,40
hpc3-14-13,MRI,ProLiant XL170r Gen10,2M294204KN,2025-12-18,Intel(R) Xeon(R) Gold 6148 CPU @ 2.40GHz,192,40
hpc3-14-14,MRI,ProLiant XL170r Gen10,2M294204KQ,2025-12-18,Intel(R) Xeon(R) Gold 6148 CPU @ 2.40GHz,192,40
hpc3-14-15,MRI,ProLiant XL170r Gen10,2M294204KP,2025-12-18,Intel(R) Xeon(R) Gold 6148 CPU @ 2.40GHz,192,40
hpc3-14-16,MRI,ProLiant XL170r Gen10,2M294204LB,2025-12-18,Intel(R) Xeon(R) Gold 6148 CPU @ 2.40GHz,192,40
hpc3-14-17,MRI,ProLiant XL170r Gen10,2M294204LH,2025-12-18,Intel(R) Xeon(R) Gold 6148 CPU @ 2.40GHz,192,40
hpc3-14-18,MRI,ProLiant XL170r Gen10,2M294204LC,2025-12-18,Intel(R) Xeon(R) Gold 6148 CPU @ 2.40GHz,192,40
hpc3-14-19,MRI,ProLiant XL170r Gen10,2M294204LJ,2025-12-18,Intel(R) Xeon(R) Gold 6148 CPU @ 2.40GHz,192,40
hpc3-14-20,MRI,ProLiant XL170r Gen10,2M294204KR,2025-12-18,Intel(R) Xeon(R) Gold 6148 CPU @ 2.40GHz,192,40
hpc3-14-21,MRI,ProLiant XL170r Gen10,2M294204KW,2025-12-18,Intel(R) Xeon(R) Gold 6148 CPU @ 2.40GHz,192,40
hpc3-14-22,MRI,ProLiant XL170r Gen10,2M294204KS,2025-12-18,Intel(R) Xeon(R) Gold 6148 CPU @ 2.40GHz,192,40
hpc3-14-23,MRI,ProLiant XL170r Gen10,2M294204KD,2025-12-18,Intel(R) Xeon(R) Gold 6148 CPU @ 2.40GHz,192,40
hpc3-14-24,MRI,ProLiant XL170r Gen10,2M294204LM,2025-12-18,Intel(R) Xeon(R) Gold 6148 CPU @ 2.40GHz,192,40
hpc3-14-25,RCIC,ProLiant XL170r Gen10,2M294204KY,2025-12-18,Intel(R) Xeon(R) Gold 6148 CPU @ 2.40GHz,192,40
hpc3-14-26,RCIC,ProLiant XL170r Gen10,2M294204LL,2025-12-18,Intel(R) Xeon(R) Gold 6148 CPU @ 2.40GHz,192,40
hpc3-14-27,RCIC,ProLiant XL170r Gen10,2M294204LN,2025-12-18,Intel(R) Xeon(R) Gold 6148 CPU @ 2.40GHz,192,40
hpc3-14-28,RCIC,ProLiant XL170r Gen10,2M294204LK,2025-12-18,Intel(R) Xeon(R) Gold 6148 CPU @ 2.40GHz,192,40
hpc3-14-29,RCIC,ProLiant XL170r Gen10,2M294204LQ,2025-12-18,Intel(R) Xeon(R) Gold 6148 CPU @ 2.40GHz,192,40
hpc3-14-30,RCIC,ProLiant XL170r Gen10,2M294204L7,2025-12-18,Intel(R) Xeon(R) Gold 6148 CPU @ 2.40GHz,192,40
hpc3-14-31,RCIC,ProLiant XL170r Gen10,2M294204KM,2025-12-18,Intel(R) Xeon(R) Gold 6148 CPU @ 2.40GHz,192,40
hpc3-15-00,RCIC,ProLiant XL170r Gen10,2M294204L2,2025-12-18,Intel(R) Xeon(R) Gold 6148 CPU @ 2.40GHz,192,40
hpc3-15-01,RCIC,ProLiant XL170r Gen10,2M294204KK,2025-12-18,Intel(R) Xeon(R) Gold 6148 CPU @ 2.40GHz,192,40
hpc3-15-02,RCIC,ProLiant XL170r Gen10,2M294204LR,2025-12-18,Intel(R) Xeon(R) Gold 6148 CPU @ 2.40GHz,192,40
hpc3-15-03,RCIC,ProLiant XL170r Gen10,2M294204L1,2025-12-18,Intel(R) Xeon(R) Gold 6148 CPU @ 2.40GHz,192,40
hpc3-15-04,RCIC,ProLiant XL170r Gen10,2M294204L0,2025-12-18,Intel(R) Xeon(R) Gold 6148 CPU @ 2.40GHz,192,40
hpc3-15-05,RCIC,ProLiant XL170r Gen10,2M294204KT,2025-12-18,Intel(R) Xeon(R) Gold 6148 CPU @ 2.40GHz,192,40
hpc3-15-06,RCIC,ProLiant XL170r Gen10,2M294204LS,2025-12-18,Intel(R) Xeon(R) Gold 6148 CPU @ 2.40GHz,192,40
hpc3-15-07,RCIC,ProLiant XL170r Gen10,2M294204KZ,2025-12-18,Intel(R) Xeon(R) Gold 6148 CPU @ 2.40GHz,192,40
hpc3-15-08,RCIC,ProLiant XL170r Gen10,2M294204L4,2025-12-18,Intel(R) Xeon(R) Gold 6148 CPU @ 2.40GHz,192,40
hpc3-15-09,RCIC,ProLiant XL170r Gen10,2M294204L6,2025-12-18,Intel(R) Xeon(R) Gold 6148 CPU @ 2.40GHz,192,40
hpc3-15-10,RCIC,ProLiant XL170r Gen10,2M294204L3,2025-12-18,Intel(R) Xeon(R) Gold 6148 CPU @ 2.40GHz,192,40
hpc3-15-11,RCIC,ProLiant XL170r Gen10,2M294204L5,2025-12-18,Intel(R) Xeon(R) Gold 6148 CPU @ 2.40GHz,192,40
hpc3-15-12,weatherj,ProLiant XL170r Gen10,2M201306BV,2025-04-10,Intel(R) Xeon(R) Gold 6148 CPU @ 2.40GHz,192,40
hpc3-15-13,jranders,ProLiant XL170r Gen10,2M201306BS,2025-04-10,Intel(R) Xeon(R) Gold 6148 CPU @ 2.40GHz,192,40
hpc3-15-14,jranders,ProLiant XL170r Gen10,2M201306BW,2025-04-10,Intel(R) Xeon(R) Gold 6148 CPU @ 2.40GHz,192,40
hpc3-15-15,jranders,ProLiant XL170r Gen10,2M201306BT,2025-04-10,Intel(R) Xeon(R) Gold 6148 CPU @ 2.40GHz,192,40
hpc3-15-16,jranders,ProLiant XL170r Gen10,2M201306C7,2025-04-10,Intel(R) Xeon(R) Gold 6148 CPU @ 2.40GHz,192,40
hpc3-15-17,jranders,ProLiant XL170r Gen10,2M201306C5,2025-04-10,Intel(R) Xeon(R) Gold 6148 CPU @ 2.40GHz,192,40
hpc3-15-18,sameer,ProLiant XL170r Gen10,2M201306C8,2025-04-10,Intel(R) Xeon(R) Gold 6148 CPU @ 2.40GHz,192,40
hpc3-15-19,lmthomps,ProLiant XL170r Gen10,2M201306C6,2025-04-10,Intel(R) Xeon(R) Gold 6148 CPU @ 2.40GHz,192,40
hpc3-15-20,RCIC,ProLiant XL170r Gen10,2M201303BX,2025-04-10,Intel(R) Xeon(R) Gold 6148 CPU @ 2.40GHz,384,40
hpc3-15-21,RCIC,ProLiant XL170r Gen10,2M201303BW,2025-04-10,Intel(R) Xeon(R) Gold 6148 CPU @ 2.40GHz,192,40
hpc3-15-22,RCIC,ProLiant XL170r Gen10,2M201303BZ,2025-04-10,Intel(R) Xeon(R) Gold 6148 CPU @ 2.40GHz,384,40
hpc3-15-23,RCIC,ProLiant XL170r Gen10,2M201303BY,2025-04-10,Intel(R) Xeon(R) Gold 6148 CPU @ 2.40GHz,384,40
hpc3-15-24,RCIC,ProLiant XL170r Gen10,2M201306C3,2025-04-10,Intel(R) Xeon(R) Gold 6148 CPU @ 2.40GHz,192,40
hpc3-15-25,RCIC,ProLiant XL170r Gen10,2M201306C1,2025-04-10,Intel(R) Xeon(R) Gold 6148 CPU @ 2.40GHz,192,40
hpc3-15-26,RCIC,ProLiant XL170r Gen10,2M201306C4,2025-04-10,Intel(R) Xeon(R) Gold 6148 CPU @ 2.40GHz,192,40
hpc3-15-27,RCIC,ProLiant XL170r Gen10,2M201306C2,2025-04-10,Intel(R) Xeon(R) Gold 6148 CPU @ 2.40GHz,192,40
hpc3-15-28,RCIC,ProLiant XL170r Gen10,2M201306BP,2025-04-10,Intel(R) Xeon(R) Gold 6148 CPU @ 2.40GHz,192,40
hpc3-15-29,RCIC,ProLiant XL170r Gen10,2M201306BR,2025-04-10,Intel(R) Xeon(R) Gold 6148 CPU @ 2.40GHz,192,40
hpc3-15-30,RCIC,ProLiant XL170r Gen10,2M201306BN,2025-04-10,Intel(R) Xeon(R) Gold 6148 CPU @ 2.40GHz,192,40
hpc3-15-31,RCIC,ProLiant XL170r Gen10,2M201306BQ,2025-04-10,Intel(R) Xeon(R) Gold 6148 CPU @ 2.40GHz,192,40
hpc3-17-00,RCIC,ProLiant XL170r Gen10,2M201306BJ,2025-04-10,Intel(R) Xeon(R) Gold 6148 CPU @ 2.40GHz,384,40
hpc3-17-01,RCIC,ProLiant XL170r Gen10,2M201306BL,2025-04-10,Intel(R) Xeon(R) Gold 6148 CPU @ 2.40GHz,384,40
hpc3-17-02,RCIC,ProLiant XL170r Gen10,2M201306BM,2025-04-10,Intel(R) Xeon(R) Gold 6148 CPU @ 2.40GHz,384,40
hpc3-17-03,RCIC,ProLiant XL170r Gen10,2M201306BK,2025-04-10,Intel(R) Xeon(R) Gold 6148 CPU @ 2.40GHz,384,40
hpc3-17-04,RCIC,ProLiant XL170r Gen10,2M201303CB,2025-04-10,Intel(R) Xeon(R) Gold 6148 CPU @ 2.40GHz,768,40
hpc3-17-05,RCIC,ProLiant XL170r Gen10,2M201303C8,2025-04-10,Intel(R) Xeon(R) Gold 6148 CPU @ 2.40GHz,768,40
hpc3-17-06,weil21,ProLiant XL170r Gen10,2M201303CC,2025-04-10,Intel(R) Xeon(R) Gold 6148 CPU @ 2.40GHz,768,40
hpc3-17-07,weil21,ProLiant XL170r Gen10,2M201303C9,2025-04-10,Intel(R) Xeon(R) Gold 6148 CPU @ 2.40GHz,768,40
hpc3-17-08,RCIC,ProLiant XL170r Gen10,2M201306BZ,2025-04-10,Intel(R) Xeon(R) Gold 6148 CPU @ 2.40GHz,192,40
hpc3-17-09,RCIC,ProLiant XL170r Gen10,2M201306BX,2025-04-10,Intel(R) Xeon(R) Gold 6148 CPU @ 2.40GHz,192,40
hpc3-17-10,RCIC,ProLiant XL170r Gen10,2M201306C0,2025-04-10,Intel(R) Xeon(R) Gold 6148 CPU @ 2.40GHz,192,40
hpc3-17-11,RCIC,ProLiant XL170r Gen10,2M201306BY,2025-04-10,Intel(R) Xeon(R) Gold 6148 CPU @ 2.40GHz,192,40
hpc3-17-12,RCIC,ProLiant XL170r Gen10,2M201303C7,2025-04-10,Intel(R) Xeon(R) Gold 6148 CPU @ 2.40GHz,384,40
hpc3-17-13,dpapamos,ProLiant XL170r Gen10,2M201303C2,2025-04-10,Intel(R) Xeon(R) Gold 6148 CPU @ 2.40GHz,384,40
hpc3-17-14,dpapamos,ProLiant XL170r Gen10,2M201303C6,2025-04-10,Intel(R) Xeon(R) Gold 6148 CPU @ 2.40GHz,384,40
hpc3-17-15,weil21,ProLiant XL170r Gen10,2M201303C0,2025-04-10,Intel(R) Xeon(R) Gold 6148 CPU @ 2.40GHz,384,40
hpc3-17-16,weil21,ProLiant XL170r Gen10,2M201303C4,2025-04-10,Intel(R) Xeon(R) Gold 6148 CPU @ 2.40GHz,384,40
hpc3-17-17,weil21,ProLiant XL170r Gen10,2M201303C5,2025-04-10,Intel(R) Xeon(R) Gold 6148 CPU @ 2.40GHz,384,40
hpc3-17-18,weil21,ProLiant XL170r Gen10,2M201303C3,2025-04-10,Intel(R) Xeon(R) Gold 6148 CPU @ 2.40GHz,384,40
hpc3-17-19,weil21,ProLiant XL170r Gen10,2M201303C1,2025-04-10,Intel(R) Xeon(R) Gold 6148 CPU @ 2.40GHz,384,40
hpc3-18-00,krthornt,RS700A-E9-RS4,J8S0CG00002T,2021-10-08,AMD EPYC 7601 32-Core Processor,512,64
hpc3-18-01,krthornt,RS700A-E9-RS4,J8S0CG0002DM,2021-10-08,AMD EPYC 7601 32-Core Processor,512,64
hpc3-18-02,zareian,RS700A-E9-RS4,J9S0CG0000LS,2021-10-30,AMD EPYC 7551 32-Core Processor,256,64
hpc3-19-00,krthornt,RS700A-E9-RS4,J9S0CG0000LL,2021-11-05,AMD EPYC 7601 32-Core Processor,512,64
hpc3-19-01,krthornt,RS700A-E9-RS4,J6S0CG0001W8,2021-09-24,AMD EPYC 7601 32-Core Processor,512,64
hpc3-19-02,krthornt,RS700A-E9-RS4,J6S0CG0001W7,2021-09-24,AMD EPYC 7601 32-Core Processor,512,64
hpc3-19-03,krthornt,RS700A-E9-RS4,J6S0CG0001W9,2021-09-24,AMD EPYC 7601 32-Core Processor,512,64
hpc3-19-04,krthornt,RS700A-E9-RS4,J6S0CG0001WP,2021-09-24,AMD EPYC 7601 32-Core Processor,512,64
hpc3-19-05,krthornt,RS700A-E9-RS4,J8S0CG00002P,2021-10-08,AMD EPYC 7601 32-Core Processor,512,64
hpc3-19-06,krthornt,RS700A-E9-RS4,J8S0CG0002DA,2021-10-08,AMD EPYC 7601 32-Core Processor,512,64
hpc3-19-07,krthornt,RS700A-E9-RS4,J8S0CG00002D,2021-10-08,AMD EPYC 7601 32-Core Processor,512,64
hpc3-19-08,krthornt,RS700A-E9-RS4,J8S0CG00002C,2021-10-08,AMD EPYC 7601 32-Core Processor,512,64
hpc3-19-09,krthornt,RS700A-E9-RS4,J8S0CG0002DT,2021-10-08,AMD EPYC 7601 32-Core Processor,512,64
hpc3-19-10,krthornt,RS700A-E9-RS4,J8S0CG00002M,2021-10-08,AMD EPYC 7601 32-Core Processor,512,64
hpc3-19-11,krthornt,RS700A-E9-RS4,J6S0CG0001WN,2021-09-24,AMD EPYC 7601 32-Core Processor,512,64
hpc3-19-12,qnie,SYS-6018R-WTR,S15751826C42741,2020-12-31,Intel(R) Xeon(R) CPU E5-2650 v4 @ 2.20GHz,512,24
hpc3-19-13,krthornt,X10DRi,123456789,2020-12-31,Intel(R) Xeon(R) CPU E5-2697 v4 @ 2.30GHz,512,36
hpc3-19-14,krthornt,X10DRi,123456789,2020-12-31,Intel(R) Xeon(R) CPU E5-2699 v3 @ 2.30GHz,512,36
hpc3-19-15,tdlong,X10DRi,123456789,2020-12-31,Intel(R) Xeon(R) CPU E5-2699 v3 @ 2.30GHz,512,36
hpc3-19-16,mmackinn,SYS-6028R-WTR,S15752527B29346,2020-12-31,Intel(R) Xeon(R) CPU E5-2699 v4 @ 2.20GHz,512,44
hpc3-19-17,allisons,AS -1023US-TR4,S267675X7C26002,2020-12-31,AMD EPYC 7551 32-Core Processor,512,64
hpc3-19-18,jje,Super Server,123456789,2020-12-31,AMD EPYC 7601 32-Core Processor,512,64
hpc3-19-19,jje,AS -2023US-TR4,S268672X8121787,2020-12-31,AMD EPYC 7601 32-Core Processor,512,64
hpc3-20-00,weil21,PowerEdge R640,4D4XJ93,2026-01-07,Intel(R) Xeon(R) Gold 6240R CPU @ 2.40GHz,192,48
hpc3-20-01,weil21,PowerEdge R640,4D4VJ93,2026-01-07,Intel(R) Xeon(R) Gold 6240R CPU @ 2.40GHz,192,48
hpc3-20-02,weil21,PowerEdge R640,4D4TJ93,2026-01-07,Intel(R) Xeon(R) Gold 6240R CPU @ 2.40GHz,192,48
hpc3-20-03,trupert,PowerEdge R640,8ZHG673,2025-10-31,Intel(R) Xeon(R) Gold 6240R CPU @ 2.40GHz,192,48
hpc3-20-04,allisons,PowerEdge R640,4D6ZJ93,2025-01-01,Intel(R) Xeon(R) Gold 6240R CPU @ 2.40GHz,192,48
hpc3-20-05,sbsandme,PowerEdge R640,4D7TJ93,2025-01-01,Intel(R) Xeon(R) Gold 6240R CPU @ 2.40GHz,192,48
hpc3-20-06,RCIC,PowerEdge R640,8ZHL673,2025-10-31,Intel(R) Xeon(R) Gold 6240R CPU @ 2.40GHz,192,48
hpc3-20-07,RCIC,PowerEdge R640,8ZHJ673,2025-10-31,Intel(R) Xeon(R) Gold 6240R CPU @ 2.40GHz,192,48
hpc3-20-08,caoph,PowerEdge R640,8ZJC673,2025-10-31,Intel(R) Xeon(R) Gold 6240R CPU @ 2.40GHz,192,48
hpc3-20-09,caoph,PowerEdge R640,8ZHM673,2025-10-31,Intel(R) Xeon(R) Gold 6240R CPU @ 2.40GHz,192,48
hpc3-20-10,weil21,PowerEdge R640,4D4YJ93,2026-01-07,Intel(R) Xeon(R) Gold 6240R CPU @ 2.40GHz,192,48
hpc3-20-11,weil21,PowerEdge R640,4D4ZJ93,2026-01-07,Intel(R) Xeon(R) Gold 6240R CPU @ 2.40GHz,192,48
hpc3-20-12,weil21,PowerEdge R640,4D3ZJ93,2026-01-07,Intel(R) Xeon(R) Gold 6240R CPU @ 2.40GHz,192,48
hpc3-20-13,tirthab,PowerEdge R640,8ZHK673,2025-10-31,Intel(R) Xeon(R) Gold 6240R CPU @ 2.40GHz,192,48
hpc3-20-14,weil21,PowerEdge R640,4D4WJ93,2026-01-07,Intel(R) Xeon(R) Gold 6240R CPU @ 2.40GHz,192,48
hpc3-20-15,sbsandme,PowerEdge R640,8ZHH673,2025-10-31,Intel(R) Xeon(R) Gold 6240R CPU @ 2.40GHz,192,48
hpc3-20-16,lmthomps,PowerEdge R640,8ZJF673,2025-10-31,Intel(R) Xeon(R) Gold 6240R CPU @ 2.40GHz,384,48
hpc3-20-17,lmthomps,PowerEdge R640,4CYWJ93,2026-01-08,Intel(R) Xeon(R) Gold 6240R CPU @ 2.40GHz,384,48
hpc3-20-18,allisons,PowerEdge R640,4CYVJ93,2026-01-08,Intel(R) Xeon(R) Gold 6240R CPU @ 2.40GHz,384,48
hpc3-20-19,RCIC,PowerEdge R640,44940C3,2026-03-21,Intel(R) Xeon(R) Gold 6240R CPU @ 2.40GHz,384,48
hpc3-20-20,RCIC,PowerEdge R640,449VZB3,2026-03-21,Intel(R) Xeon(R) Gold 6240R CPU @ 2.40GHz,384,48
hpc3-20-21,RCIC,PowerEdge R640,DH32KD3,2026-08-04,Intel(R) Xeon(R) Gold 6240R CPU @ 2.40GHz,768,48
hpc3-20-22,RCIC,PowerEdge R640,DH33KD3,2026-08-04,Intel(R) Xeon(R) Gold 6240R CPU @ 2.40GHz,768,48
hpc3-20-23,valdevit,PowerEdge R640,BXF00D3,2026-08-02,Intel(R) Xeon(R) Gold 6240R CPU @ 2.40GHz,192,48
hpc3-20-24,lmthomps,PowerEdge R640,BXD7KD3,2026-08-03,Intel(R) Xeon(R) Gold 6240R CPU @ 2.40GHz,384,48
hpc3-20-25,rjnielse,PowerEdge R640,BXDZZC3,2026-08-02,Intel(R) Xeon(R) Gold 6240R CPU @ 2.40GHz,192,48
hpc3-20-26,pjohnso3,PowerEdge R640,BXDTJD3,2026-08-04,Intel(R) Xeon(R) Gold 6240R CPU @ 2.40GHz,192,48
hpc3-20-27,pjohnso3,PowerEdge R640,BXDZJD3,2026-08-04,Intel(R) Xeon(R) Gold 6240R CPU @ 2.40GHz,192,48
hpc3-20-28,pjohnso3,PowerEdge R640,BXDYJD3,2026-08-04,Intel(R) Xeon(R) Gold 6240R CPU @ 2.40GHz,192,48
hpc3-20-29,pjohnso3,PowerEdge R640,BXF0KD3,2026-08-02,Intel(R) Xeon(R) Gold 6240R CPU @ 2.40GHz,192,48
hpc3-20-30,pjohnso3,PowerEdge R640,BXDWJD3,2026-08-04,Intel(R) Xeon(R) Gold 6240R CPU @ 2.40GHz,192,48
hpc3-20-31,pjohnso3,PowerEdge R640,BXD8KD3,2026-08-04,Intel(R) Xeon(R) Gold 6240R CPU @ 2.40GHz,192,48
hpc3-20-32,vberroca,PowerEdge R640,BXDXJD3,2026-08-07,Intel(R) Xeon(R) Gold 6240R CPU @ 2.40GHz,192,48
hpc3-21-00,RCIC,PowerEdge R640,DH35KD3,2026-08-07,Intel(R) Xeon(R) Gold 6240R CPU @ 2.40GHz,192,48
hpc3-21-01,RCIC,PowerEdge R640,DH36KD3,2026-08-07,Intel(R) Xeon(R) Gold 6240R CPU @ 2.40GHz,192,48
hpc3-21-02,RCIC,PowerEdge R640,DH2XJD3,2026-08-04,Intel(R) Xeon(R) Gold 6240R CPU @ 2.40GHz,192,48
hpc3-21-03,RCIC,PowerEdge R640,DH27KD3,2026-08-04,Intel(R) Xeon(R) Gold 6240R CPU @ 2.40GHz,192,48
hpc3-21-04,RCIC,PowerEdge R640,DH26KD3,2026-08-04,Intel(R) Xeon(R) Gold 6240R CPU @ 2.40GHz,192,48
hpc3-21-05,RCIC,PowerEdge R640,DH2WJD3,2026-08-04,Intel(R) Xeon(R) Gold 6240R CPU @ 2.40GHz,192,48
hpc3-21-06,RCIC,PowerEdge R640,DH300D3,2026-08-04,Intel(R) Xeon(R) Gold 6240R CPU @ 2.40GHz,192,48
hpc3-21-07,RCIC,PowerEdge R640,DH2YJD3,2026-08-04,Intel(R) Xeon(R) Gold 6240R CPU @ 2.40GHz,192,48
hpc3-21-08,RCIC,PowerEdge R640,DH42KD3,2026-08-04,Intel(R) Xeon(R) Gold 6240R CPU @ 2.40GHz,192,48
hpc3-21-09,RCIC,PowerEdge R640,DH46KD3,2026-08-04,Intel(R) Xeon(R) Gold 6240R CPU @ 2.40GHz,192,48
hpc3-21-10,RCIC,PowerEdge R640,DH44KD3,2026-08-04,Intel(R) Xeon(R) Gold 6240R CPU @ 2.40GHz,192,48
hpc3-21-11,RCIC,PowerEdge R640,DH29KD3,2026-08-04,Intel(R) Xeon(R) Gold 6240R CPU @ 2.40GHz,192,48
hpc3-21-12,RCIC,PowerEdge R640,DH2VJD3,2026-08-04,Intel(R) Xeon(R) Gold 6240R CPU @ 2.40GHz,192,48
hpc3-21-13,RCIC,PowerEdge R640,DH28KD3,2026-08-04,Intel(R) Xeon(R) Gold 6240R CPU @ 2.40GHz,192,48
hpc3-21-14,RCIC,PowerEdge R640,DH30KD3,2026-08-04,Intel(R) Xeon(R) Gold 6240R CPU @ 2.40GHz,192,48
hpc3-21-15,RCIC,PowerEdge R640,DH31KD3,2026-08-04,Intel(R) Xeon(R) Gold 6240R CPU @ 2.40GHz,192,48
hpc3-21-16,trupert,PowerEdge R640,BXDSJD3,2026-08-04,Intel(R) Xeon(R) Gold 6240R CPU @ 2.40GHz,192,48
hpc3-21-17,trupert,PowerEdge R640,BXDVJD3,2026-08-04,Intel(R) Xeon(R) Gold 6240R CPU @ 2.40GHz,192,48
hpc3-21-18,RCIC,PowerEdge R640,DH320D3,2026-08-04,Intel(R) Xeon(R) Gold 6240R CPU @ 2.40GHz,192,48
hpc3-21-19,RCIC,PowerEdge R640,DH47KD3,2026-08-04,Intel(R) Xeon(R) Gold 6240R CPU @ 2.40GHz,192,48
hpc3-21-20,RCIC,PowerEdge R640,DH410D3,2026-08-04,Intel(R) Xeon(R) Gold 6240R CPU @ 2.40GHz,192,48
hpc3-21-21,RCIC,PowerEdge R640,DH2ZJD3,2026-08-04,Intel(R) Xeon(R) Gold 6240R CPU @ 2.40GHz,192,48
hpc3-21-22,RCIC,PowerEdge R640,DH2ZZC3,2026-08-04,Intel(R) Xeon(R) Gold 6240R CPU @ 2.40GHz,192,48
hpc3-21-23,RCIC,PowerEdge R640,DH2TJD3,2026-08-04,Intel(R) Xeon(R) Gold 6240R CPU @ 2.40GHz,192,48
hpc3-21-24,RCIC,PowerEdge R640,DH40KD3,2026-08-05,Intel(R) Xeon(R) Gold 6240R CPU @ 2.40GHz,192,48
hpc3-21-25,RCIC,PowerEdge R640,DH3ZJD3,2026-08-05,Intel(R) Xeon(R) Gold 6240R CPU @ 2.40GHz,192,48
hpc3-21-26,RCIC,PowerEdge R640,DH3VJD3,2026-08-05,Intel(R) Xeon(R) Gold 6240R CPU @ 2.40GHz,192,48
hpc3-21-27,RCIC,PowerEdge R640,DH400D3,2026-08-05,Intel(R) Xeon(R) Gold 6240R CPU @ 2.40GHz,192,48
hpc3-21-28,RCIC,PowerEdge R640,DH3YJD3,2026-08-05,Intel(R) Xeon(R) Gold 6240R CPU @ 2.40GHz,192,48
hpc3-21-29,RCIC,PowerEdge R640,DH37KD3,2026-08-07,Intel(R) Xeon(R) Gold 6240R CPU @ 2.40GHz,192,48
hpc3-21-30,RCIC,PowerEdge R640,DH3ZZC3,2026-08-05,Intel(R) Xeon(R) Gold 6240R CPU @ 2.40GHz,192,48
hpc3-21-31,RCIC,PowerEdge R640,DH3WJD3,2026-08-05,Intel(R) Xeon(R) Gold 6240R CPU @ 2.40GHz,192,48
hpc3-21-32,RCIC,PowerEdge R640,DH3XJD3,2026-08-05,Intel(R) Xeon(R) Gold 6240R CPU @ 2.40GHz,192,48
hpc3-22-00,RCIC,PowerEdge R640,DH38KD3,2026-08-07,Intel(R) Xeon(R) Gold 6240R CPU @ 2.40GHz,192,48
hpc3-22-01,RCIC,PowerEdge R640,DH3TJD3,2026-08-07,Intel(R) Xeon(R) Gold 6240R CPU @ 2.40GHz,192,48
hpc3-22-02,RCIC,PowerEdge R640,DH3SJD3,2026-08-07,Intel(R) Xeon(R) Gold 6240R CPU @ 2.40GHz,192,48
hpc3-22-03,RCIC,PowerEdge R640,DH34KD3,2026-08-07,Intel(R) Xeon(R) Gold 6240R CPU @ 2.40GHz,192,48
hpc3-22-04,RCIC,PowerEdge R640,DH39KD3,2026-08-07,Intel(R) Xeon(R) Gold 6240R CPU @ 2.40GHz,192,48
hpc3-22-05,vswarup,PowerEdge R640,5G233L3,2026-12-24,Intel(R) Xeon(R) Gold 6240R CPU @ 2.40GHz,384,48
hpc3-22-06,caoph,PowerEdge R640,1G233L3,2026-12-25,Intel(R) Xeon(R) Gold 6240R CPU @ 2.40GHz,192,48
hpc3-22-07,caoph,PowerEdge R640,3G233L3,2026-12-25,Intel(R) Xeon(R) Gold 6240R CPU @ 2.40GHz,192,48
hpc3-22-08,haunj,PowerEdge R640,2G233L3,2026-12-25,Intel(R) Xeon(R) Gold 6240R CPU @ 2.40GHz,192,48
hpc3-22-09,vberroca,PowerEdge R640,4G233L3,2026-12-25,Intel(R) Xeon(R) Gold 6240R CPU @ 2.40GHz,192,48
hpc3-22-10,mjaq,PowerEdge R640,JF233L3,2026-12-25,Intel(R) Xeon(R) Gold 6240R CPU @ 2.40GHz,192,48
hpc3-22-11,dtobias,PowerEdge R650,HZ5CPR3,2027-09-12,Intel(R) Xeon(R) Gold 6336Y CPU @ 2.40GHz,256,48
hpc3-22-12,bornstea,PowerEdge R650,JZ5CPR3,2027-09-12,Intel(R) Xeon(R) Gold 6336Y CPU @ 2.40GHz,256,48
hpc3-22-13,vswarup,PowerEdge R650,7LZ89R3,2027-08-30,Intel(R) Xeon(R) Gold 6336Y CPU @ 2.40GHz,256,48
hpc3-gpu-16-00,RCIC,ProLiant DL380 Gen10,2M201004K5,2024-12-18,Intel(R) Xeon(R) Gold 6148 CPU @ 2.40GHz,192,40
hpc3-gpu-16-01,RCIC,ProLiant DL380 Gen10,2M201004K2,2024-12-18,Intel(R) Xeon(R) Gold 6148 CPU @ 2.40GHz,192,40
hpc3-gpu-16-02,RCIC,ProLiant DL380 Gen10,2M201004K7,2024-12-18,Intel(R) Xeon(R) Gold 6148 CPU @ 2.40GHz,192,40
hpc3-gpu-16-03,RCIC,ProLiant DL380 Gen10,2M201004K1,2024-12-18,Intel(R) Xeon(R) Gold 6148 CPU @ 2.40GHz,192,40
hpc3-gpu-16-04,RCIC,ProLiant DL380 Gen10,2M201004K3,2024-12-18,Intel(R) Xeon(R) Gold 6148 CPU @ 2.40GHz,192,40
hpc3-gpu-16-05,RCIC,ProLiant DL380 Gen10,2M201004KB,2024-12-18,Intel(R) Xeon(R) Gold 6148 CPU @ 2.40GHz,192,40
hpc3-gpu-16-06,RCIC,ProLiant DL380 Gen10,2M201004K9,2024-12-18,Intel(R) Xeon(R) Gold 6148 CPU @ 2.40GHz,192,40
hpc3-gpu-16-07,RCIC,ProLiant DL380 Gen10,2M201004K8,2024-12-18,Intel(R) Xeon(R) Gold 6148 CPU @ 2.40GHz,192,40
hpc3-gpu-17-02,RCIC,ProLiant DL380 Gen10,2M201004K6,2024-12-18,Intel(R) Xeon(R) Gold 6148 CPU @ 2.40GHz,192,40
hpc3-gpu-17-03,RCIC,ProLiant DL380 Gen10,2M201004K4,2024-12-18,Intel(R) Xeon(R) Gold 6148 CPU @ 2.40GHz,192,40
hpc3-gpu-17-04,RCIC,ProLiant DL380 Gen10,2M201004K0,2024-12-18,Intel(R) Xeon(R) Gold 6148 CPU @ 2.40GHz,192,40
hpc3-gpu-18-00,MRI,ProLiant DL380 Gen10,2M20040H6K,2024-12-18,Intel(R) Xeon(R) Gold 6148 CPU @ 2.40GHz,384,40
hpc3-gpu-18-01,MRI,ProLiant DL380 Gen10,2M201004KC,2024-12-18,Intel(R) Xeon(R) Gold 6148 CPU @ 2.40GHz,192,40
hpc3-gpu-18-02,MRI,ProLiant DL380 Gen10,2M201108R5,2024-12-18,Intel(R) Xeon(R) Gold 6148 CPU @ 2.40GHz,192,40
hpc3-gpu-18-03,alviny6,PowerEdge R750xa,60C33Z3,2028-10-08,Intel(R) Xeon(R) Gold 6326 CPU @ 2.90GHz,256,32
hpc3-gpu-18-04,elizaml4,PowerEdge R750xa,70C33Z3,2028-10-08,Intel(R) Xeon(R) Gold 6326 CPU @ 2.90GHz,256,32
hpc3-gpu-23-00,RCIC,Dell PowerEdge R750xa,HSZD6S3,2027-10-16,Intel(R) Xeon(R) Gold 6326 CPU @ 2.90GHz,256,32
hpc3-gpu-23-01,RCIC,Dell PowerEdge R750xa,DSZD6S3,2027-10-16,Intel(R) Xeon(R) Gold 6326 CPU @ 2.90GHz,256,32
hpc3-gpu-23-02,RCIC,Dell PowerEdge R750xa,FSZD6S3,2027-10-16,Intel(R) Xeon(R) Gold 6326 CPU @ 2.90GHz,256,32
hpc3-gpu-23-03,RCIC,Dell PowerEdge R750xa,CRZD6S3,2027-10-16,Intel(R) Xeon(R) Gold 6326 CPU @ 2.90GHz,256,32
hpc3-gpu-23-04,RCIC,Dell PowerEdge R750xa,FRZD6S3,2027-10-16,Intel(R) Xeon(R) Gold 6326 CPU @ 2.90GHz,256,32
hpc3-gpu-23-05,RCIC,Dell PowerEdge R750xa,GRZD6S3,2027-10-16,Intel(R) Xeon(R) Gold 6326 CPU @ 2.90GHz,256,32
hpc3-gpu-23-06,RCIC,Dell PowerEdge R750xa,DRZD6S3,2027-10-16,Intel(R) Xeon(R) Gold 6326 CPU @ 2.90GHz,256,32
hpc3-gpu-23-07,RCIC,GIGABYTE G292-280-00,GLGBR5312A0019,NaN,Intel(R) Xeon(R) Gold 6326 CPU @ 2.90GHz,256,32
hpc3-gpu-23-08,RCIC,GIGABYTE MG52-G20,01234567890123456789AB,NaN,Intel(R) Xeon(R) Gold 6326 CPU @ 2.90GHz,256,32
hpc3-gpu-23-09,vswarup,GIGABYTE G292-280-00,GMU5NE712A0011,NaN,Intel(R) Xeon(R) Platinum 8358 CPU @ 2.60GHz,3022,64
hpc3-gpu-24-00,RCIC,Dell PowerEdge R750xa,2SZD6S3,2027-10-16,Intel(R) Xeon(R) Gold 6326 CPU @ 2.90GHz,256,32
hpc3-gpu-24-01,RCIC,Dell PowerEdge R750xa,4SZD6S3,2027-10-16,Intel(R) Xeon(R) Gold 6326 CPU @ 2.90GHz,256,32
hpc3-gpu-24-02,RCIC,Dell PowerEdge R750xa,JRZD6S3,2027-10-16,Intel(R) Xeon(R) Gold 6326 CPU @ 2.90GHz,256,32
hpc3-gpu-24-03,RCIC,Dell PowerEdge R750xa,HRZD6S3,2027-10-16,Intel(R) Xeon(R) Gold 6326 CPU @ 2.90GHz,256,32
hpc3-gpu-24-04,RCIC,Dell PowerEdge R750xa,5SZD6S3,2027-10-16,Intel(R) Xeon(R) Gold 6326 CPU @ 2.90GHz,256,32
hpc3-gpu-24-05,RCIC,Dell PowerEdge R750xa,1SZD6S3,2027-10-16,Intel(R) Xeon(R) Gold 6326 CPU @ 2.90GHz,256,32
hpc3-gpu-24-06,RCIC,Dell PowerEdge R750xa,3SZD6S3,2027-10-16,Intel(R) Xeon(R) Gold 6326 CPU @ 2.90GHz,256,32
hpc3-gpu-24-07,RCIC,Dell PowerEdge R750xa,6SZD6S3,2027-10-16,Intel(R) Xeon(R) Gold 6326 CPU @ 2.90GHz,256,32
hpc3-gpu-24-08,RCIC,Dell PowerEdge R750xa,GSZD6S3,2027-10-16,Intel(R) Xeon(R) Gold 6326 CPU @ 2.90GHz,256,32
hpc3-l18-00,RCIC,AS -2023US-TR4,S268672X8630679,2020-12-31,AMD EPYC 7601 32-Core Processor,512,64
hpc3-l18-01,seyedam,Super Server,123456789,2020-12-31,AMD EPYC 7601 32-Core Processor,512,64
hpc3-l18-02,RCIC,SYS-2048U-RTR4,S181858X7418844,2020-12-31,Intel(R) Xeon(R) CPU E5-4610 v4 @ 1.80GHz,1536,40
hpc3-l18-03,RCIC,AS -2023US-TR4,S268672X7808959,2020-12-31,AMD EPYC 7551 32-Core Processor,512,64
hpc3-l18-04,RCIC,SYS-6029P-TRT,S263370X7721322,2020-12-31,Intel(R) Xeon(R) Gold 6132 CPU @ 2.60GHz,256,28
hpc3-l18-05,RCIC,SYS-6029P-TRT,S263370X7721320,2020-12-31,Intel(R) Xeon(R) Gold 6132 CPU @ 2.60GHz,256,28
hpc3-l18-06,sirignan,SYS-7048GR-TR,S16953525410995,2020-12-31,Intel(R) Xeon(R) CPU E5-2650 v3 @ 2.30GHz,512,20
hpc3-mgmt,RCIC,PowerEdge R640,GLJJ903,2024-10-27,Intel(R) Xeon(R) Gold 6248 CPU @ 2.50GHz,192,40
login-i15,RCIC,PowerEdge R640,GLJG903,2024-10-27,Intel(R) Xeon(R) Gold 6248 CPU @ 2.50GHz,192,40
login-i16,RCIC,PowerEdge R640,GLJH903,2024-10-27,Intel(R) Xeon(R) Gold 6248 CPU @ 2.50GHz,192,40
login-i17,RCIC,PowerEdge R640,GLHR903,2024-10-27,Intel(R) Xeon(R) Gold 6248 CPU @ 2.50GHz,95,40
slurm-i14,RCIC,PowerEdge R640,GLJK903,2024-10-27,Intel(R) Xeon(R) Gold 6248 CPU @ 2.50GHz,192,40
